title,company,skills,seniority,category,salary_min,salary_max,description
Full Stack Engineer,Darkroom,"react, devops, Typescript, Node.js, Python, Go, Gcp, Docker, Kubernetes, Terraform, Postgresql, Graphql, Rest, Api, Ml",mid,Engineering,,,"What weâre building Weâre empowering small teams with technology that makes it easier to market and grow businesses. Our current focus it to help consumer brands shift from ""workflow automation"" to ""agent managementâ within their marketing operations. Matter is the AI coordination layer â providing shared AI memory, centralized agent control, and model differentiation. We founded the company based on a decade of experience providing marketing services to 300+ consumer brands, leveraging "
Customer Success Manager,LiveKit,"Go, Rust, Api, Ml, Ai, Ui",manager,Engineering,150000,240000,"LiveKit is revolutionizing the AI landscape by providing the essential network infrastructure that powers multimodal AI interfaces, enabling seamless audio and visual interactions. Founded in 2021, LiveKit has rapidly grown to support over 3 Billion calls annually, 100,000+ developers globally, and industry giants like OpenAI, Character AI, Spotify, and Meta. You'll thrive at LiveKit if you: are customer obsessed are known as the go-to person for tackling tough problems work hard and can build a"
Vice President Senior Frontend Developer,Galaxy,"web3, Api, Ml, Ai, Ui, Git, Blockchain",senior,Engineering,,,"Who We Are: Galaxy is a global leader in digital assets and data center infrastructure, delivering solutions that accelerate progress in finance and artificial intelligence. We believe that blockchain and digital asset innovation will transform how value moves through the world â and weâre building the products and services to make that future a reality. Our institutional digital assets platform spans trading, investment banking, asset management, staking, self-custody, and tokenization tech"
Senior Golang Engineer,Everwest,"golang, Go, Ui, Git",senior,Engineering,,,"Join our team to reshape digital logistics through our Cargo Delivery Platform, a core product that drives real operational value in cargo transport and delivery. As a Senior Golang Engineer, youâll build and evolve event-driven, scalable services that... Please mention the word **CAJOLE** and tag RMjQwMTo0OTAwOjFjMWI6ZjAyYTpiOTBlOjM3MjA6YzA2NzoyNWU1 when applying to show you read the job post completely (#RMjQwMTo0OTAwOjFjMWI6ZjAyYTpiOTBlOjM3MjA6YzA2NzoyNWU1). This is a beta feature to avoid "
Data Scientist GeoAI,Esri,"Api, Ai, Data science",mid,Engineering,,,"Are you passionate about applying data science and artificial intelligence to solve some of the worldâs biggest challenges? So are we! Esri is the world leader in geographic information systems (GIS) and developer of ArcGIS, the leading mapping and analytics software used in 75 percent of Fortune 500 companies. At the Esri R&D Center-New Delhi, we are applying cutting-edge AI and deep learning techniques to revolutionize geospatial analysis and derive insight from imagery and location data. Ou"
Full Stack Engineer Developer Portal,Helius,"web3, react, devops, api, Typescript, Java, Go, Golang, Rust, C#, Graphql, Rest, Ai, Ui, Ci/cd",mid,Engineering,,,"About Helius Helius is building the core infrastructure for Solana - empowering developers to create the next generation of crypto-powered applications. Our mission is to accelerate the development of internet capital markets by making it easier, faster, and more intuitive to build on-chain. Thousands of teams - from early-stage startups to industry leaders like Coinbase, Phantom, and Jupiter - rely on Helius APIs, webhooks, and indexing tools to power their products. Backed by Haun Ventures, Fo"
C# .Net developer,AEXGroup,"C#, Postgresql, Mysql, Rest, Api, Ai, Ui, Ux, Git",mid,Engineering,200000,310000,"About the Role We are seeking a skilled C# Developer Â with strong experience in JSON data handling Â and database integration . The ideal candidate will work closely with our engineering and product teams to design, develop, and maintain high-performance applications that interact with various data sources and APIs. Experience with .NET Â or Transportation Management Systems (TMS) Â is a strong plus. Â Key Responsibilities Design, implement, and maintain software solutions using C# . Work with "
Customer Support,Contra,"Ai, Ui",mid,Other,50000,60000,"Who we are and what we do Contra is building the worldâs first professional network for independent creatives and the companies that hire them. We are commission-free, global, and focused on enabling the future of flexible work. Alongside our network and marketplace, weâre launching new product lines including Contra for Companies , Contra Ads Network , and Creative RLHF & Evaluation Services for AI labs and creative-tool companies. We've raised over $51M from leading investors like NEA, Unu"
Enterprise Account Executive,Grow Therapy,"Go, Rust, Api, Ai, Ui",mid,Marketing,60000,120000,"About Us: Grow Therapy is on a mission to serve as the trusted partner for therapists growing their practice, and patients accessing high-quality care. Powered by technology, we are a three-sided marketplace that empowers providers, augments insurance payors, and serves patients. Following the mass increase in depression and anxiety, the need for accessibility is more important than ever. To make our vision for mental healthcare a reality, weâre building a team of entrepreneurs and mission-dri"
Senior Software Engineer Client Engagement,Grow Therapy,"api, Typescript, React, Python, Go, Rust, Ai, Ui",senior,Engineering,,,"About Us: Grow Therapy is on a mission to serve as the trusted partner for therapists growing their practice, and patients accessing high-quality care. Powered by technology, we are a three-sided marketplace that empowers providers, augments insurance payors, and serves patients. Following the mass increase in depression and anxiety, the need for accessibility is more important than ever. To make our vision for mental healthcare a reality, weâre building a team of entrepreneurs and mission-dri"
Senior Software Engineer Billing Platform,Grow Therapy,"Go, Rust, Api, Ai, Ui",senior,Engineering,100000,150000,"About Us: Grow Therapy is on a mission to serve as the trusted partner for therapists growing their practice, and patients accessing high-quality care. Powered by technology, we are a three-sided marketplace that empowers providers, augments insurance payors, and serves patients. Following the mass increase in depression and anxiety, the need for accessibility is more important than ever. To make our vision for mental healthcare a reality, weâre building a team of entrepreneurs and mission-dri"
Current openings,ALX Africa,,mid,Other,,,Please mention the word **SPECTACULARLY** and tag RMjQwMTo0OTAwOjFjMWI6ZjAyYTpiOTBlOjM3MjA6YzA2NzoyNWU1 when applying to show you read the job post completely (#RMjQwMTo0OTAwOjFjMWI6ZjAyYTpiOTBlOjM3MjA6YzA2NzoyNWU1). This is a beta feature to avoid spam applicants. Companies can search these words to find applicants that read this and see they're human.
Blockchain Site Reliability Engineer,InfStones,"web3, solidity, Javascript, Python, Java, Go, Golang, Rust, Docker, Kubernetes, Rest, Api, Ml, Ai, Ui",mid,Engineering,,,"Job Position: Blockchain Site Reliability Engineer Location: Dallas, TX, USA (Remote Acceptable - USA Applicants Only) Company: https://infstones.com/ Contact: recruiter-usa@infstones.com About Company InfStones is an advanced, enterprise-grade Platform as a Service (PaaS) blockchain infrastructure provider trusted by the top blockchain companies in the world. InfStonesâ AI-based infrastructure provides developers worldwide with a rugged, powerful node management platform alongside an easy-to-"
Operations Risk Analyst,Kalshi,"Go, Swift, Api, Ai, Ui",mid,Engineering,,,"What We're Up To Kalshi has defined a new category: prediction markets. Kalshi allows people to trade on the outcome of any events and turn any question about the future into a financial asset. Kalshi fought for years and legalized prediction markets in the US for the first time in history. Kalshi is currently the fastest growing financial market in America, and has over 1,900 markets across politics, economics, financials, weather, tech, AI, culture and more. We believe prediction markets have "
Blockchain Security Expert Security Audit Track,CertiK,"web3, Go, Golang, Rust, Aws, Rest, Ai, Ui, Solidity, Blockchain",mid,Engineering,,,"About You Youâre a self-starter. You believe in tackling the most important problems, even if they are the most difficult problems. Youâre comfortable with the unknown and understand that #startuplife means that youâre going to be wearing multiple hats. And thatâs what motivates you. Youâre accountable and obsessed with improvement, both in yourself and in others. Youâre up to the challenge of building a world-class company that aims to be the infrastructure for more secure software "
Product Engineer,PostHog,"python, rust, javascript, typescript, react, angular, vue, golang, Go, Rest, Ml, Ai, Ui, Ux",mid,Engineering,120000,260000,"About PostHog We're shipping every product that companies need to run their business from their first day, to the day they IPO, and beyond. The operating system for folks who build software. We started with open-source product analytics, launched out of Y Combinator's W20 cohort . We've since shipped more than a dozen products , including: A built-in data warehouse , so users can query product and customer data together using custom SQL insights. A customer data platform , so they can send their"
VP Protocol Engineer,Galaxy Digital Services,"web3, Api, Ai, Ui, Git, Blockchain",executive,Engineering,120000,180000,"Who We Are: Galaxy is a global leader in digital assets and data center infrastructure, delivering solutions that accelerate progress in finance and artificial intelligence. We believe that blockchain and digital asset innovation will transform how value moves through the world â and weâre building the products and services to make that future a reality. Our institutional digital assets platform spans trading, investment banking, asset management, staking, self-custody, and tokenization tech"
Technical Copywriter,Warp,"api, Ai, Ui",mid,Marketing,60000,80000,"Warp: We're Building the Platform for Agentic Development Warp began with the vision of reimagining one of the fundamental dev toolsâthe terminalâto make it more usable and powerful for all developers. As AI has advanced, Warp has evolved beyond its terminal roots into the platform for Agentic Development: a workbench for dispatching agents to code, deploy, and debug production software. With over 700k active developers and revenue that has grown over 20x this year so far, Warp is now one of"
Technical Content Writer &amp; Knowledge Specialist,Skio,"css, Go, Graphql, Api, Ml, Ai, Ui",mid,Engineering,,,"Weâre looking for a Knowledge Specialist to own and evolve our self-service and internal documentation experience. Youâll be the go-to person for creating, updating, and organizing help content that empowers both customers and teammates. This is a hands-on role where youâll execute on documentation needs while also helping improve how we manage knowledge at scale. You'll collaborate across teams, source information from tools like Slack and Notion, and help build systems that actually work"
Senior Software Engineer,Acquia,"php, angular, api, Aws, Mysql, Ai, Ui, Git",senior,Engineering,,,"About Acquia Acquia is an open source digital experience company. We provide the world's most ambitious brands with technology that allows them to embrace innovation and create customer moments that matter. At Acquia, we believe in the power of community and collaboration - giving our customers the freedom to build tomorrow on their terms. Headquartered in Boston, we have been named one of North Americaâs fastest growing software companies as reported by Deloitte and Inc. Magazine, have been r"
Customer Success Manager II,Planet,"Rust, Ai, Ui",manager,Other,,,"Welcome to Planet. We believe in using space to help life on Earth. Planet designs, builds, and operates the largest constellation of imaging satellites in history. This constellation delivers an unprecedented dataset of empirical information via a revolutionary cloud-based platform to authoritative figures in commercial, environmental, and humanitarian sectors. We are both a space company and data company all rolled into one. Customers and users across the globe use Planet's data to develop new"
Staff Software Engineer Full Stack & AI Systems,Sully.ai,"python, ui, api, Typescript, React, Aws, Gcp, Azure, Ai, Ux, Ci/cd",mid,Engineering,200000,230000,"About Us At Sully.ai , Weâre Building the Most Impactful Healthcare Company on Earth We believe that access to a great doctor is a basic human right. Today, thatâs not a reality. Delays, misdiagnoses, administrative chaos, and burnout plague the system. Our Mission: One Human, One Doctor . We build AI teammates that augment clinicians â scribes, nurses, receptionists, translators â all powered by our own world-class models and deployed in real-world care. Our Traction 450+ organizations "
Associate Onboarding Manager,Comply,"Rust, Ai, Ui",manager,Sales,,,"Who Are We: Comply is the leading provider of compliance SaaS and consulting services for the global financial services sector. With more than 5,000 clients and hundreds of employees across the globe, Comply empowers Chief Compliance Officers and their teams to proactively manage regulatory obligations, mitigate risk, and scale with efficiency and confidence. Comply serves thousands of global financial services clients including broker-dealers, insurers, investment banks, private funds, RIAs, an"
Lead Product Designer Hybrid,Weedmaps,"Rust, Api, Ai, Ui, Git",lead,Design,,,"Lead Product Designer (Hybrid - 2 to 3 days onsite per week in Austin, TX) Overview: Weedmaps is seeking a highly creative, visionary Product Designer to help define the future of our mobile experience. As a Lead, Staff, or Principal Product Designer, youâll play a pivotal role in modernizing and reimagining the Weedmaps app â bringing it into the next generation of mobile design and social commerce. Youâll craft experiences that bridge utility and culture, blending marketplace, e-commerce"
Senior Platform Engineer,Cytora,"serverless, Python, Go, Aws, Gcp, Kubernetes, Terraform, Api, Ml, Ai, Ui, Git, Ci/cd",senior,Engineering,,,"Shape the Industry and Your Career At Cytora, now part of Applied Systems, weâre transforming how insurers and brokers connect, operate, and grow. Our AI-powered platform is driving smarter decisions, greater efficiency, and seamless collaboration across the global insurance ecosystem. As we accelerate digital transformation, weâre looking for curious, collaborative minds ready to help shape whatâs next. If youâre energized by innovation and inspired by impact, your future starts here. T"
Strategic Account Executive,Saviynt,"Go, Rust, Ai, Ui, Git",mid,Data,,,"Saviynt's AI-powered identity platform manages and governs human and non-human access to all of an organization's applications, data, and business processes. Customers trust Saviynt to safeguard their digital assets, drive operational efficiency, and reduce compliance costs. Built for the AI age, Saviynt is today helping organizations safely accelerate their deployment and usage of AI. Saviynt is recognized as the leader in identity security, with solutions that protect and empower the worldâs"
Mercor STEM Expert application via RippleMatch,Mercor,"Rust, Ai, Ui",mid,Other,60000,120000,"This role is with Mercor. Mercor uses RippleMatch to find top talent. About the Role Mercor is seeking a highly skilled Research and STEM Expert to join our AI evaluation and technical quality assurance team. In this role, you will analyze, evaluate, and fact-check AI-generated outputs across scientific, mathematical, and technical domains â ensuring the highest standards of factual accuracy, logical reasoning, and clarity. You will help improve the reasoning and reliability of cutting-edge La"
SaaS Growth Marketer,Land Insights,"Go, Ai, Ui, Git",mid,Marketing,80000,180000,"Title: Growth Marketing Manager (Full-Time) Location: Remote OTE: $6,000â$12,000/month (salary + performance bonuses) Who We Areâ¦ Land Insights is one of the fastest-growing proptech platforms in the land investing and real estate development space. Launched in 2023, we disrupted an industry that had been operating in the dark agesâ¦ replacing spreadsheets, manual research, and guesswork with a true end-to-end data and AI solution for land investors. From choosing profitable markets, to ana"
Finance Data Analyst,Circle.so,"Ai, Ui",mid,Engineering,,,"About Us Circle is building the worldâs leading all-in-one platform for online communities. We make it possible for creators, coaches, educators, and businesses to bring together their audience with engaging discussions, live streams, events, chat, courses, and payments â all in one place, all under their own brand. Weâre proud to be a fully remote company of around 200 (and growing!) team members from 30+ countries around the world. We seek exceptional individuals around the world, set th"
Senior Product Manager,Maven,Ai,senior,Engineering,,,"About Maven Maven is reinventing our post-secondary education system from the ground up. We're starting with practical, professional courses on key skills taught by leading experts in your field. Think: learning AI Product Management from a head of product at OpenAI or an engineering lead at Meta. Our cohort-based model means our engagement rates are 80-90% instead of the 5-10% from video-based learning. Maven's marketplace has 500+ expert-led cohort-based courses, 70K+ student alumni, and 700K+"
SAP S4 HANA EWM Functional Consultant,cBEYONData,"Go, Rest, Ui",mid,Other,,,cBEYONData is seeking a highly skilled and experienced team member to join our team in support configuration of the SAP Extended Warehouse Management (EWM) functionality for our Federal client. The focus across the broader program includes participating in Business Process Re-engineering sessions to analyze the current Business Process in existing ECC systems and how they need to be designed when transitioning into a consolidated SAP S/4 environment. If you are interested in joining a high perfo
Web Designer,Wing Assistant,"ux, Go, Rust, Ml, Ai, Figma, Ui, Css, Git",mid,Design,,,"About Us Wing Assistant provides dedicated remote talent to entrepreneurs, executives, and fast-growing teams - helping them move faster, stay focused, and operate at a higher level. Our mission is simple: free people from work that slows them down, so they can do the work that matters. Our website and digital design presence are core growth engines. The way we visually communicate trust, clarity, and value directly impacts conversions, perception, and adoption. We are expanding our web team wit"
Intern Software Development,Netomi,"java, Rest, Ai, Ui",intern,Engineering,,,"About the Company: Netomi is the leading agentic AI platform for enterprise customer experience. We work with the largest global brands like Delta Airlines, MetLife, MGM, United, and others to enable agentic automation at scale across the entire customer journey. Our no-code platform delivers the fastest time to market, lowest total cost of ownership, and simple, scalable management of AI agents for any CX use case. Backed by WndrCo, Y Combinator, and Index Ventures, we help enterprises drive ef"
Senior Financial Analyst,Precision for Medicine,"Go, Ui",senior,Data,,,"Position Summary: This position is a hybrid between a project budget analyst supporting the operational project teams financially, and an accountant supporting all general ledger functions and the month-end close cycle. Essential functions of the job include but are not limited to: Support the project teams in all financial areas associated with running a clinical trial. Assist in the preparation of the monthly invoicing worksheet which is the source document for client invoicing and source of r"
DevOps Engineer,HappyCo,"devops, postgresql, golang, Go, Ruby, Gcp, Terraform, Api, Ai, Ui, Ux, Git, Ci/cd",mid,Engineering,,,"HappyCo is a company where people can grow their careers and work with like minded people, with no egos or politics. HappyCo is values driven and offers a flexible, supportive culture. Join HappyCo and Make Work Happy ! At HappyCo, we build technology that empowers property managers, owners, and teams to deliver better experiences for their residents and customers. As an AI-powered company, weâre constantly innovating, and our infrastructure is the backbone that makes it all possible. As a Dev"
IT Specialist,Circle.so,"Go, Ai, Ui",mid,Finance,,,"About Us Circle is building the worldâs leading all-in-one platform for online communities. We make it possible for creators, coaches, educators, and businesses to bring together their audience with engaging discussions, live streams, events, chat, courses, and payments â all in one place, all under their own brand. Weâre proud to be a fully remote company of around 200 (and growing!) team members from 30+ countries around the world. We seek exceptional individuals around the world, set th"
Software Engineering Internship Summer 2026,OpenSesame,"Ml, Ai, Ui, Ci/cd, Devops",intern,Engineering,,,"About OpenSesame OpenSesame is transforming workforce development with an AI-powered marketplace of 60,000+ skill-building courses and learning pathways. We help organizations build skills and stay compliant through a high-quality content catalog, seamless LMS/LXP integrations, and advanced capabilities like skills-based curation and multilingual content creation. More than 2,000 companies, including 150+ of the Global 2000, rely on OpenSesame to develop the worldâs most productive and admired"
Senior Software Engineer Integrations,Jobgether,"Java, Go, Terraform, Rest, Api, Ai, Ui, Git, Agile, Ci/cd",senior,Engineering,,,"This position is posted by Jobgether on behalf of a partner company. We are currently looking for a Senior Software Engineer, Integrations in United States. In this role, you will join a fast-growing engineering environment focused on building modern, high-impact healthcare technology. You will contribute to complex integrations, scalable services, and platform enhancements that support product evolution and clinical intelligence. Working autonomously within agile teams, you will help drive tech"
Principal Engineer Asp.Net,WISEcode,"ui, api, Go, Aws, Rest, Ml, Ai, Ux",lead,Engineering,,,"At WISEcode, we're a well-funded, dynamic startup on a mission to transform how the world understands food. WISEcode makes personalized nutrition a reality based on facts â what truly is in our food â and marries this data with your preferences. Driven by AI and the worldâs most advanced food and nutrition database, WISEcode embraces the truth that we are all different: different needs, objectives, biology, and preferences. No one should be at the mercy of market spin or âexpertâ opini"
Leadership Development Director Independent &amp,Lifestyle Seed Consulting,"Ai, Ui",lead,Product,,,"We are an established organization in the Personal and Professional Development industry, helping professionals achieve success and fulfillment through leadership, training, and personal growth. This is an ideal opportunity for experienced professionals who want to apply their existing skills in training, coaching, leadership, or education in a rewarding remote role. If you are seeking more flexibility, autonomy, and purpose in your work, this opportunity allows you to grow and make an impact on"
Lead Narrative Designer Design Hybrid,Firesprite,"Api, Ai",lead,Design,,,"Firesprite is a visionary game development studio based in the heart of Liverpool. Proud to be an integral part of the PlayStation Studios family, we create showcase games that take players on thrilling journeys, with memorable characters, captivating narratives, and shared moments of excitement. Our commitment to the core values of Inclusivity, Bravery, Responsiveness, and Entrepreneurialism is a key driving force behind our work culture. Role Overview: We are looking for a Lead Narrative Desig"
Virtual Assistant $1 000 Weekly,Best Estimate Pro,"Go, Ai, Ui",mid,Other,170000,200000,"THIS JOB POSITION IS FOR CANDIDATES WHO ARE LIVING ONLY IN THE UNITED STATES OF AMERICA.Â I WILL DECLINE APPLICATIONS FROM CANDIDATES WHO ARE NOT PRESENTLY LIVING IN THE UNITED STATES. Â My name is Lance Bridges. I urgently need a reliable assistant who is available and ready to start working from home. I am currently in Australia for business and unable to attend to most of my tasks due to being swamped. My previous assistant just got married, and she moved to Canada with her Husband. I will re"
Software Engineer,Tech Innovations Inc.,"javascript, Python, Java, Ui",mid,Engineering,80000,120000,"We are looking for a Software Engineer to join our team. The ideal candidate will have experience in developing scalable applications and a passion for technology. Responsibilities include designing, coding, and testing software solutions. You will work closely with product managers and other engineers to deliver high-quality products. Requirements: - Bachelor's degree in Computer Science or related field - Proficiency in Java, Python, or JavaScript - Experience with cloud technologies - Strong "
Excellent Frontend Developer,Parseur,"Javascript, React, Node.js, Python, Java, Go, Rest, Api, Serverless, Ml, Ai, Ui, Ux, Css, Tailwind",mid,Engineering,70000,120000,"Position: Â Lead Frontend Developer Location: Â Fully remote, within GMT (London) up to GMT+8 (Singapore) time zones Schedule: Â Full-time Salary: Â Daily rate ranging $300 - $500 / day, depending on experience and qualifications Contract Type: Â Independent contractor (you must be able to invoice Parseur) Vacation: Â 20 to 40 leave days per year (unpaid) What Youâll Do You'll replace our co-founder as Lead Frontend Developer. Youâll be responsible for maintaining and evolving both the Parse"
Senior Software Engineer Back End,Tomo,"Rust, Ai, Ui, Git",senior,Engineering,,,"Who we are Tomo is a digital mortgage company on a mission to eliminate the greed and complexity in lending, helping homebuyers save thousands of dollars. Our AI-driven customer experience makes the lending process faster, less frustrating, and more affordable. By passing these savings directly to homebuyers, we eliminate excessive fees and inflated rates that cost Americans billions each year. Backed by top-tier venture investors, including Ribbit, Citi Ventures, NFX and Progressive Insurance, "
Global Elite Texas Work From Home Client Services Representative,Global Elite Empire,Ui,mid,Other,15,25,"Global Elite Texas is seeking a Part-Time Client Services Representative to join our team. This position is fully remote and offers flexible hours. Responsibilities include managing client inquiries, providing excellent customer service, and assisting with various administrative tasks. Ideal candidates should have strong communication skills and a passion for helping others. If you are looking for a rewarding opportunity to work from home, we encourage you to apply! Please mention the word **ELA"
Current openings,Coursera Sourcing,,mid,Other,60000,120000,Create a Job Alert Level-up your career by having opportunities at Coursera Sourcing sent directly to your inbox. Please mention the word **FORTITUDE** and tag RMjQwMTo0OTAwOjFjMWI6ZjAyYTpiOTBlOjM3MjA6YzA2NzoyNWU1 when applying to show you read the job post completely (#RMjQwMTo0OTAwOjFjMWI6ZjAyYTpiOTBlOjM3MjA6YzA2NzoyNWU1). This is a beta feature to avoid spam applicants. Companies can search these words to find applicants that read this and see they're human.
People Operations Leader,Sienna Charles,"Go, Rest, Ai, Ui, Ux",lead,HR,80000,150000,"Summary The premier luxury lifestyle company featured in Forbes is seeking a People Operations Lead to serve as the connective layer between the CEO and the rest of the organization. This role is a blend of People Ops, internal Chief of Staff, and leadership development. You will build the team, train managers, strengthen accountability, improve onboarding, run hiring pipelines, manage KPIs, and take over the internal workflow and questions that currently go to the CEO. This is a hands-on, execu"
Customer Service Director Role,Sienna Charles,"Go, Ai, Ui, Ux",manager,Other,70000,150000,"Summary Sienna Charles, a premier luxury lifestyle company featured in Forbes is seeking a hands-on Customer Service Director to lead and elevate our entire CS function. This is a producer role for someone who builds systems, improves processes, solves problems quickly, and drives consistent performance across a team. You will lead the CS team, refine SOPs, handle escalations, and create scalable workflows that support a high-touch luxury client experience. Key Responsibilities Customer Service "
Operations Manager Role,Sienna Charles,"Go, Ml, Ai, Ui, Ux",manager,Other,70000,150000,"Summary Sienna Charles, a premier luxury lifestyle company featured in Forbes is seeking a hands-on Customer Service Director to lead and elevate our entire CS function. This is a producer role for someone who builds systems, improves processes, solves problems quickly, and drives consistent performance across a team. You will lead the CS team, refine SOPs, handle escalations, and create scalable workflows that support a high-touch luxury client experience. Key Responsibilities Customer Service "
Python + AWS DevOps Engineer,nSoft,"devops, python, Aws, Kubernetes, Terraform, Ai, Ui",mid,Engineering,60000,80000,"Overview: We are seeking an exceptionally technical, hands-on DevOps Engineer whose primary responsibilities will involve AWS cloud architecture, infrastructure-as-code (Terraform), and expertise in RDS/Postgres. This is a full-time position for several months, with the possibility to extend. Key Responsibilities: Design, implement, and manage AWS cloud environments with Terraform and best DevOps practices, focusing on RDS/Postgres management and optimization. Build, monitor, and maintain CD pip"
Vice President Project Delivery,Avalere Health ,"Go, Api, Ai, Ui",mid,Design,,,"About Avalere Health United by one profound purpose: to reach EVERY PATIENT POSSIBLE . At Avalere Health, we ensure every patient is identified, treated, supported, and cared for. Equally. Our Advisory, Medical, and Marketing teams come together â powerfully and intentionally â to forge unconventional connections, building a future where healthcare is not a barrier and no patient is left behind. Achieving our mission starts with providing enriching, purpose-driven careers for our team that e"
Institutional Sales Representative Wealth &amp; Asset Management,Anchorage Digital,"Go, Rust, Ai, Ui, Ux, Git",mid,Design,,,"At Anchorage Digital, we are building the worldâs most advanced digital asset platform for institutions to participate in crypto. Anchorage Digital is a crypto platform that enables institutions to participate in digital assets through custody, staking, trading, governance, settlement, and the industry's leading security infrastructure. Home to Anchorage Digital Bank N.A., the only federally chartered crypto bank in the U.S., Anchorage Digital also serves institutions through Anchorage Digital"
Careers,Octopus Deploy,,mid,Other,60000,120000,Join us and do the best work of your life Please mention the word **WHOOA** and tag RMjQwMTo0OTAwOjFjMWI6ZjAyYTpiOTBlOjM3MjA6YzA2NzoyNWU1 when applying to show you read the job post completely (#RMjQwMTo0OTAwOjFjMWI6ZjAyYTpiOTBlOjM3MjA6YzA2NzoyNWU1). This is a beta feature to avoid spam applicants. Companies can search these words to find applicants that read this and see they're human.
Staff Engineer Team Lead Market Data,Alpaca,"api, Go, Ai, Ui",lead,Engineering,,,"Who We Are: Alpaca is a US-headquartered self-clearing broker-dealer and brokerage infrastructure for stocks, ETFs, options, crypto, fixed income, 24/5 trading, and more. Our recent Series C funding round brought our total investment to over $170 million, fueling our ambitious vision. Amongst our subsidiaries, Alpaca is a licensed financial services company, serving hundreds of financial institutions across 40 countries with our institutional-grade APIs. This includes broker-dealers, investment "
Customer Success and Engagement Manager,Egen,"React, Go, Rust, Aws, Ai, Ui, Agile",manager,Engineering,,,"About Egen: Egen is a fast-growing and entrepreneurial company with a data-first mindset. We bring together the best engineering talent working with the most advanced technology platforms, including Google Cloud and Salesforce, to help clients drive action and impact through data and insights. We are committed to being a place where the best people choose to work so they can apply their engineering and technology expertise to envision what is next for how data and platforms can change the world "
Senior Software Engineer Agentic Assistant,Flock Safety,"ui, ux, postgresql, typescript, api, React, Go, Rust, Aws, Docker, Kubernetes, Terraform, Rest, Microservices, Machine learning",senior,Engineering,170000,190000,"Who is Flock? Flock Safety is the leading safety technology platform, helping communities thrive by taking a proactive approach to crime prevention and security. Our hardware and software suite connects cities, law enforcement, businesses, schools, and neighborhoods in a nationwide public-private safety network. Trusted by over 5,000 communities, 4,500 law enforcement agencies, and 1,000 businesses, Flock delivers real-time intelligence while prioritizing privacy and responsible innovation. Weâ"
Staff Backend Engineer Golang,Voodoo,"golang, Ai",mid,Engineering,,,"Remote - Founded in 2013, Voodoo is a tech company that creates mobile games and apps with a mission to entertain the world. Gathering 800 employees, 7 billion downloads, and over 200 million active users, Voodoo is the #3 mobile publisher worldwide in terms of downloads after G... Please mention the word **MAJESTIC** and tag RMjQwMTo0OTAwOjFjMWI6ZjAyYTpiOTBlOjM3MjA6YzA2NzoyNWU1 when applying to show you read the job post completely (#RMjQwMTo0OTAwOjFjMWI6ZjAyYTpiOTBlOjM3MjA6YzA2NzoyNWU1). This "
Software Engineer,Nomi Health,"serverless, Go, Golang, Aws, Graphql, Ui",mid,Engineering,,,"We are looking for a Software Engineer (Backend) to help us modernize the healthcare system through intelligent, scalable software. You will work with technologies like Golang, GraphQL, AWS Lambda, and Serverless to build platforms that power healthcare payments, operations, and real-time data exchange. Please mention the word **GRIN** and tag RMjQwMTo0OTAwOjFjMWI6ZjAyYTpiOTBlOjM3MjA6YzA2NzoyNWU1 when applying to show you read the job post completely (#RMjQwMTo0OTAwOjFjMWI6ZjAyYTpiOTBlOjM3MjA6Yz"
Senior Product Manager Payments,Coinme,"Api, Ml, Ai, Ui, Git, Blockchain",senior,Product,,,"At Coinme, weâre redefining access to financial services in a digital world. By combining the cutting-edge power of blockchain technology with everyday simplicity, we make digital currencies accessible and usable for all. As the world's largest network of cryptocurrency kiosks with over 40,000 locations nationwide, we're breaking down barriers to crypto adoption through our seamless mobile app, secure digital wallet, and DeFi integrations. Beyond our consumer offerings, we're also the infrastr"
Senior Amazon Brand Manager,GNO Partners,"Go, Rust, Ai, Ui",senior,Marketing,220000,300000,"Senior Amazon Brand Manager â GNO Partners GNO Partners was founded by Gal and Ouriel, who built and exited two successful Amazon brands. We help Amazon FBA sellers scale profitably using our proven system. We are a Done With You consultancy, meaning we donât manage client accountsâwe set the strategy, analyze their brand, and teach them how to execute using our resources. Why Join Us? Fully remote Amazon consulting agency. High-performance culture: hard work, speed, over-delivery, and tru"
Business Operations Manager,o1Labs,"web3, Go, Ai, Ui",manager,Marketing,80000,120000,"Business Operations Manager At o1Labs, our mission is to catalyze a new generation of applications powered by zero-knowledge cryptography. We are looking for a talented and motivated Biz Ops Manager to lead business operations, finance, and ecosystem growth initiatives. This is a chance to join a small, collaborative team and have a lot of independence. The Role You'll be a core contributor to o1Labs Operations. You will manage and improve key operations processes and programs, including managin"
Senior Full Stack Software Engineer,Ether.fi,"go, Ai, Ui, Web3",senior,Engineering,160000,200000,"About us: Ether.fi is one of the largest crypto companies in the world. We have over $10B in assets under management and a team of 30 almost all technical staff. Weâve been profitable day one and are focusing on building real consumer applications. The future we envisage is true on-chain banking. Our current products; Stake, Liquid, and Cash enable users to earn yield in a variety of DeFi strategies, and spend their assets in the real world with our credit cards. You can view public analytics "
Customer Growth Lead Americas,Immutable,"web3, ethereum, Go, Rest, Api, Ai, Ui, Git",lead,Design,,,"About Us ð Immutable is a global technology company, powering the leading platform for building games on Ethereum. We are on a mission to build the future of gaming by redefining how games are played and discovered. Founded in 2018, Immutable is one of the fastest Australian companies to hit unicorn status, having raised more than AUD $300M+ and a valuation of AUD $3.5 billion. Currently, the Immutable Group consists of the Immutable Platform, the leading platform for building games on Ethere"
UX Researcher,Trammell Venture Partners,ux,mid,Design,60000,90000,"Fedi is looking for a UX Researcher to join our team. As a UX Researcher, you will be responsible for conducting user research, analyzing user feedback, and collaborating with designers and product managers to create user-centered designs. You will work closely with our product team to ensure that our products meet the needs of our users. Responsibilities include conducting usability tests, interviews, and surveys, as well as analyzing data to inform design decisions. The ideal candidate will ha"
Graphic Designer Contract to Perm,Monad Foundation,"ethereum, Go, Rest, Ml, Ai, Figma, Ui, Web3, Blockchain",mid,Design,,,The Monad Foundation is a team of dedicated ecosystem and community builders who are on a mission to massively grow the impact of decentralized tech. We believe that the Monad blockchain--the performant and parallel EVM Layer 1--will help decentralized apps eat the world. The Role The Monad Foundation is seeking a Graphic Designer to elevate and systematize the Monad brand across our L1 blockchain ecosystem. You will design high-quality visuals and reusable systems that keep the identity cohesiv
Senior Test Engineer,Endpoint Clinical,"api, Go, Rest, Ml, Ai, Ui, Git",senior,Engineering,,,"About Us: Endpoint is an interactive response technology (IRTÂ®) systems and solutions provider that supports the life sciences industry. Since 2009, we have been working with a single vision in mind, to help sponsors and pharmaceutical companies achieve clinical trial success. Our solutions, realized through the proprietary PULSEÂ® platform, have proven to maximize the supply chain, minimize operational costs, and ensure timely and accurate patient dosing. Endpoint is headquartered in Raleigh-D"
Production Code Quality Internship,Supra,"Go, Rust, Rest, Ai, Ui",intern,Product,,,"Who We Are Supra is pioneering the future of information services in global markets. As an exciting, ambitious, and well-funded startup with unique technical capabilities, we aim to be a future leader in decentralized data. Our team includes professionals, academics, and advisors with experience from leading institutions such as Purdue University, University of Cambridge, University of Pennsylvania, Columbia University, and University of Oxford. Additionally, our industry experience includes pre"
Data Scientist,AnsibleHealth Inc.,"Python, Go, Api, Machine learning, Ml, Ai, Data science, Ui, Git",mid,Data,,,"What is Ansible Health? Ansible Health unites physicians, nurses, respiratory therapists, and tech experts from premier institutions like Columbia, Johns Hopkins, Google, and Amazon to revolutionize care for patients with polychronic conditions, particularly those with a cardiopulmonary focus. We merge elite clinical expertise with cutting-edge technology to deliver personalized, efficient care at scale. Our team's groundbreaking research, published in leading journals like Nature and PLOS, unde"
Growth Marketing Manager,InfStones,"web3, Go, Rust, Rest, Api, Ai, Ui, Git, Blockchain",manager,Marketing,,,"Job Position: Growth Marketing Manager Location: Texas, USA (Remote Acceptable) Company: https://infstones.com/ Contact: recruiter-usa@infstones.com About Company InfStones is an advanced, enterprise-grade Platform as a Service (PaaS) blockchain infrastructure provider trusted by the top blockchain companies in the world. InfStonesâ AI-based infrastructure provides developers worldwide with a rugged, powerful node management platform alongside an easy-to-use API. With over 20,000 nodes support"
Senior Data Engineer,1inch,"Typescript, Python, Go, Aws, Gcp, Postgresql, Api, Ai, Ui, Git, Web3, Blockchain",senior,Engineering,,,"1inch is the DeFi ecosystem building financial freedom for everyone. 1inch products help users and builders trade, hold and track digital assets - with the self-custody, comprehensive security and the intuitive user experience they need to unlock the potential of true crypto ownership. 1inch protocols and APIs provide core infrastructure across the DeFi industry and beyond. So if youâre someone who thinks big, moves fast and wants to make an impact right from day one, then get ready to join ou"
Software Engineer,Tech Innovations Inc.,"react, Javascript, Angular, Java, Ml, Ui, Css",mid,Engineering,80000,120000,"We are looking for a Software Engineer to join our team. The ideal candidate will have experience in developing scalable web applications and a passion for technology. Responsibilities include designing, coding, and testing software solutions. You will work closely with product managers and other engineers to deliver high-quality products. Requirements: Proficiency in JavaScript, HTML, CSS, and experience with frameworks like React or Angular. Strong problem-solving skills and ability to work in"
Scale Army Careers Jobs,Scale Army Careers,Go,mid,Other,50000,100000,Scale Army Careers Jobs Please mention the word **GODSEND** and tag RMjQwMTo0OTAwOjFjMWI6ZjAyYTpiOTBlOjM3MjA6YzA2NzoyNWU1 when applying to show you read the job post completely (#RMjQwMTo0OTAwOjFjMWI6ZjAyYTpiOTBlOjM3MjA6YzA2NzoyNWU1). This is a beta feature to avoid spam applicants. Companies can search these words to find applicants that read this and see they're human.
Coding Bootcampï¹£Job Guaranteed,Metana,"Javascript, React, Node.js, Java, Go, Ai, Ui",mid,Other,40000,120000,"Elevate your career in software development with Metanaâs Full Stack Software Engineer Bootcamp. Learn from seasoned industry professionals and master the latest technologies, including JavaScript, MongoBD, ExpressJS, Node.js, and React. Choose flexible scheduling options to accommodate your lifestyle Gain hands-on experience through practical projects. Build a robust portfolio that sets you apart in the job market Collaborate with peers to enhance your communication and teamwork skills. Benef"
Education Specialist,Berni Mick Ireland,"Api, Ui, Git",mid,Marketing,,,"Education Specialist Weâre on the lookout for an individual with a sharp mind, excellent problem-solving skills and critical-thinking abilities. A teacher and leader who has extensive experience in Education and is looking to utilize these skills in a new career. The right person is eager to make a meaningful impact, will have the ability to rise to challenges and thrive in a constantly evolving environment. Join Our Growing Team! Are you passionate about making a difference using your teachin"
DevOps Engineer,InfStones,"web3, devops, serverless, git, Javascript, Python, Java, Go, Golang, Rust, Aws, Kubernetes, Terraform, Jenkins, Api",mid,Engineering,,,"Job Position: DevOps Engineer Location: Dallas, TX, USA (Remote Acceptable - USA Applicants Only) Company: https://infstones.com/ Contact: recruiter-usa@infstones.com About Company InfStones is an advanced, enterprise-grade Platform as a Service (PaaS) blockchain infrastructure provider trusted by the top blockchain companies in the world. InfStonesâ AI-based infrastructure provides developers worldwide with a rugged, powerful node management platform alongside an easy-to-use API. With over 20"
Accountability Coach,Calibrate,"Go, Ai, Ui",mid,Sales,,,"OUR MISSION Calibrate is on a mission to change the way the world treats weight by redefining obesity care as a matter of biology, not willpower. Designed by world leaders in metabolic health, our program combines clinical research, personalized coaching, and lifestyle intervention to deliver lasting weight loss and improved metabolic outcomes. With obesity as Americaâs largest chronic condition, impacting 175mm adults in a $600B market, weâre closing the care gap by offering the first value"
Junior Crypto Trader,Apollo-Next,"web3, blockchain, ethereum, Rest, Ai, Ui, Git",junior,Data,60000,80000,"Apollo-Next Ltd is a company working in the field of digital assets and market analytics. We teach newbies modern trading tools and help them develop in the direction of cryptotrading. We are currently looking for a Junior Crypto Trader, a novice specialist who is ready to complete training, perform basic trading operations and grow with the team. What will you do?: Perform simple trading operations under the guidance of a mentor. Follow the dynamics of cryptocurrencies and market trends. Analyz"
Software Developer,Benzinga,"golang, python, Go, Api, Machine learning, Ai",mid,Engineering,,,Remote - Job Title: AI / Machine Learning Engineer (AI / Python / Go)Location: RemoteEmployment Type: Full Time (40+ hrs) Independent ContractorCompany Name: BenzingaAbout BenzingaBenzinga is a fast-growing financial media and data technology company reshaping how inv... Please mention the word **TALENTED** and tag RMjQwMTo0OTAwOjFjMWI6ZjAyYTpiOTBlOjM3MjA6YzA2NzoyNWU1 when applying to show you read the job post completely (#RMjQwMTo0OTAwOjFjMWI6ZjAyYTpiOTBlOjM3MjA6YzA2NzoyNWU1). This is a beta f
GTM Analytics Engineer,Stedi,"api, Aws, Gcp, Azure, Rest, Ai, Ui, Git",mid,Engineering,,,"We're building a new healthcare clearinghouse In the healthcare sector, the Health Insurance Portability and Accountability Act of 1996 (HIPAA) requires that all insurance payers exchange transactions such as claims, eligibility checks, prior authorizations, and remittances using a standardized EDI format called X12 HIPAA. A small group of legacy clearinghouses process the majority of these transactions, offering consolidated connectivity to carriers and providers. Stedi is the world's only prog"
Associate Machine Learning Engineer Trust & Safety Intelligence,Spotify,"Rust, Machine learning, Ml, Ai, Ui",mid,Engineering,,,"The Trust & Safety Intelligence team builds technology that keeps Spotify a safe and welcoming space for creativity. We design and scale AI systems that detect harmful or risky activity, uphold global compliance standards, and make moderation operations more efficient. The team is also expanding how we use GenAI to support policy specialists who work around the clock to protect our users from harm. Together, weâre building a strong foundation for safe and responsible innovation at Spotify. As "
Senior Application Engineer,InfStones,"web3, devops, Javascript, Python, Java, Go, Golang, Rust, Aws, Azure, Docker, Kubernetes, Api, Microservices, Ai",senior,Engineering,,,"Job Position: Senior Application Engineer Location: Dallas, TX, USA (Remote Acceptable - USA Applicants Only) Company: https://infstones.com/ Contact: recruiter-usa@infstones.com About Company InfStones is an advanced, enterprise-grade Platform as a Service (PaaS) blockchain infrastructure provider trusted by the top blockchain companies in the world. InfStonesâ AI-based infrastructure provides developers worldwide with a rugged, powerful node management platform alongside an easy-to-use API. "
Social Media Lead,Supra,"Go, Rust, Rest, Ai, Blockchain",lead,Marketing,,,"Who We Are Supra is pioneering the future of information services in global markets. As an exciting, ambitious, and well-funded startup with unique technical capabilities, we aim to be a future leader in decentralized data. Our team includes professionals, academics, and advisors with experience from leading institutions such as Purdue University, University of Cambridge, University of Pennsylvania, Columbia University, and University of Oxford. Additionally, our industry experience includes pre"
Computational Bioengineer Gene Therapy Vector Design,GeneEase,"React, Python, Go, Api, Ai, Ui, Ux, Git",mid,Engineering,60000,120000,"About Us GeneEase discovers novel gene therapies for subclinical conditions overlooked by traditional medicine - genetic disorders affecting millions (alcohol intolerance, lactose intolerance, mild autoimmunity) where existing treatments are inadequate or nonexistent. We use computational biology to identify promising therapeutic targets, design gene therapy approaches (AAV, base editing, other modalities), validate mechanisms in silico, and partner with wet labs for experimental confirmation. W"
Senior Python Engineer,SynRes,"ai, javascript, python, Go, Api, Ui",senior,Engineering,100000,200000,We have a working system (metadata â AI reasoning â governance â hardware output). Your role is to rebuild the governance logic using the current system as the exact functional spec. Reference Validation You wonât validate outputs yourself â our internal team evaluates correctness and provides rapid feedback. Your job is to refine and converge toward these expert-defined patterns. What Youâll Do rebuild reasoning/validation logic optimize async performance refine metadata â paramet
Associate Product Designer,Mochi Health,"Rust, Api, Ai, Ui, Git",mid,Engineering,90000,110000,"Mochi Healthâs mission is to be the discovery layer of healthcare. We are building a platform that makes it easier for patients to find the right providers, access the right medications, and take control of their health with transparency and trust. Over the past few years, we have experienced rapid growth by combining operational excellence, clinical expertise, and innovative technology to deliver care that is more human, intuitive, and effective. From pharmacy pricing transparency and persona"
Marketing Associate,Mochi Health,"go, Rust, Api, Ai, Ui",mid,Design,100000,150000,"Mochi Healthâs mission is to be the discovery layer of healthcare. We are building a platform that makes it easier for patients to find the right providers, access the right medications, and take control of their health with transparency and trust. Over the past few years, we have experienced rapid growth by combining operational excellence, clinical expertise, and innovative technology to deliver care that is more human, intuitive, and effective. From pharmacy pricing transparency and persona"
Revenue Operations & Sales Lead,Playlab,"Go, Rust, Ml, Ai, Ui",lead,Design,120000,170000,"About Playlab Playlab is a tech non-profit dedicated to helping educators and students become critical consumers and creators of AI. We believe that an open-source, community-driven approach is key to harnessing the potential of AI in education. We equip communities with AI tools and hands-on professional development that empowers educators & students to build custom AI apps for their unique context. Over 40,000 educators have published apps on Playlab â and the impact is growing every day. At"
Finance Project Team Lead,Avalere Health ,"Go, Ai, Ui",lead,Data,,,"About Avalere Health United by one profound purpose: to reach EVERY PATIENT POSSIBLE. At Avalere Health, we ensure every patient is identified, treated, supported, and cared for. Equally. Our Advisory, Medical, and Marketing teams come together â powerfully and intentionally â to forge unconventional connections, building a future where healthcare is not a barrier and no patient is left behind. Achieving our mission starts with providing enriching, purpose-driven careers for our team that em"
Technical Customer Success Manager,DV Labs,"ethereum, devops, Go, Rust, Docker, Kubernetes, Terraform, Api, Ai, Ui, Solidity, Web3",manager,Engineering,,,"Obol builds mission-critical technologies that help keep Ethereum decentralized and secure. Already securing billions of dollars in staked ETH, Obol Distributed Validators are the end game of Ethereum staking, delivering higher uptime, lower risk, and stronger performance than legacy staking setups. Obolâs middleware, Charon, which powers Distributed Validators (DVs), enables Ethereum validators to be run across multiple operators and machines. With features like threshold signing, distributed"
Senior Product Designer,Tratta,"React, Vue, Api, Ml, Ai, Figma, Ui, Ux, Css, Tailwind",senior,Design,60000,70000,"Weâre hiring a Senior Product Designer at Tratta to help us build practical interfaces that make it easier for debt collection companies to manage and collect payments. This is a fully remote role with a salary of $65,000 USD , open to candidates in the UTC-4 to UTC+2 timezones. Weâre accepting applications until December 23rd, 2025 . Our clients run businesses whose core job is collecting debts from individuals. We give them the tools to reach consumers effectively, provide a modern self-se"
Business Development,WOO X,,mid,Product,,,"WOO X â ÑÑÐ¾ Ð³Ð»Ð¾Ð±Ð°Ð»ÑÐ½Ð°Ñ ÐºÑÐ¸Ð¿ÑÐ¾Ð¿Ð»Ð°ÑÑÐ¾ÑÐ¼Ð° Ð´Ð»Ñ ÑÐ¿Ð¾ÑÐ¾Ð²Ð¾Ð¹ Ð¸ ÑÑÑÑÐµÑÑÐ½Ð¾Ð¹ ÑÐ¾ÑÐ³Ð¾Ð²Ð»Ð¸ Ñ Ð²ÑÑÐ¾ÐºÐ¾Ð»Ð¸ÐºÐ²Ð¸Ð´Ð½ÑÐ¼ ÑÑÐ°ÐºÐ°Ð½Ð¾Ð¼ Ð¸ ÐºÐ¾Ð½ÐºÑÑÐµÐ½ÑÐ½ÑÐ¼ Ð¸ÑÐ¿Ð¾Ð»Ð½ÐµÐ½Ð¸ÐµÐ¼ ÑÐ´ÐµÐ»Ð¾Ðº. Ð¡ÑÐµÐ´Ð½ÐµÑÑÑÐ¾ÑÐ½ÑÐ¹ Ð¾Ð±ÑÐµÐ¼ ÑÐ¾ÑÐ³Ð¾Ð² Ð¿ÑÐµÐ²ÑÑÐ°ÐµÑ $1.5 Ð¼Ð»ÑÐ´, Ð° Ð¿Ð¾Ð»ÑÐ·Ð¾Ð²Ð°ÑÐµÐ»Ð¸ Ð¿Ð»Ð°ÑÑÐ¾ÑÐ¼Ñ â ÑÐ¾ÑÐ½Ð¸ ÑÑÑÑÑ ÑÑÐµÐ¹Ð´ÐµÑÐ¾Ð² Ð¿Ð¾ Ð²ÑÐµÐ¼Ñ Ð¼Ð¸ÑÑ. ÐÑ Ð¾Ð±ÐµÑÐ¿ÐµÑÐ¸Ð²Ð°ÐµÐ¼ Ð¼Ð°ÐºÑÐ¸Ð¼Ð°Ð"
Senior Exploit Developer,VulnCheck,"Go, Ai, Ui",senior,Engineering,100000,150000,"Company Overview VulnCheck delivers next-generation exploit and vulnerability intelligence solutions for enterprise, government, and product teams to prevent large-scale remote code execution events with better, faster exploit data, massive-scale real-time monitoring and predictively built detection artifacts. VulnCheckâs 300M+ unique data points from 500+ sources help vulnerability management and response teams outpace adversaries - autonomously. VulnCheck is an RSAC Innovation Sandbox finali"
STEM Associate,Hispanic Access Foundation,"Go, Rust, Ai, Ui, Git",mid,Other,,,"Founded in 2010, Hispanic Access Foundation (HAF) is a 501(c)(3) national nonprofit organization that connects Latinos with partners and opportunities to improve their lives and create an equitable society. Ultimately, we establish bridges of access that provide a path for the development and rise of Latino leaders and elevates their voices in areas where we are underrepresented. Our core values are trust, dedication, excellence, service to comunidad and versatility. While Washington, D.C. serve"
Development Coordinator,GiveWell,"Ai, Ui",mid,Product,,,"GiveWell is a research organization that identifies and funds cost-effective giving opportunities, focusing on global health and well-being. Our work is funded by tens of thousands of donors who rely on our research to inform their giving. Weâve grown from directing $1.5 million in 2010 to directing nearly $400 million in 2024. The Role Weâre hiring a Development Coordinator to serve as the operational backbone of GiveWellâs Philanthropy team. This person will be the engine that keeps our "
Technical Program Manager,Monad Foundation,"ethereum, Go, Rest, Api, Ai, Ui, Blockchain",manager,Other,,,"The Monad Foundation is a team of dedicated ecosystem and community builders who are on a mission to massively grow the impact of decentralized tech. We believe that the Monad blockchain--the performant and parallel EVM Layer 1--will help decentralized apps eat the world. The Role The Monad Foundation is looking for a Technical Program Manager to own and orchestrate the delivery of complex and cross-functional initiatives. This role drives organizational clarity, ensures alignment across priorit"
Advanced MSK Physiotherapist,GPDQ,"Go, Api, Ai, Ui, Git",mid,Design,,,"Advanced MSK Physiotherapist Part time-Full time: 2 0 hours minimum Weekday â 0800-2000 Weekends â 0800-1600 Remote Weekday rate: Â£35 per hour Weekend rate: Â£38 per hour Reporting to Service Delivery Team Company Benefits â Flexible working hours â Remote working, within the UK (Dependent on role) â Competitive hourly rates â Clinical support available â Access to a mutli-tude of workstreams Responsibilities We are seeking a skilled and experienced Advanced Physiotherapist with a"
Senior Systems Engineer,Veeam Software,"go, Rust",senior,Engineering,,,"Veeam, the #1 global market leader in data resilience, believes businesses should control all their data whenever and wherever they need it. Veeam provides data resilience through data backup, data recovery, data portability, data security, and data intelligence. Based in Seattle, Veeam protects over 550,000 customers worldwide who trust Veeam to keep their businesses running. Join us as we move forward together, growing, learning, and making a real impact for some of the worldâs biggest brand"
